f1,f2,f3,f4,f5,f6,f7,f8,f9,f10
25tbK,6W9GZ1E3n74T,cJG,8R,LZCFOiHTOmKos,jBVvyRX,kK9a3lPwFz,QLnhQjjXlqVeH,DxS1tu3u
xizdJ,hzrogDE0PScD,BWq,Vo,Ql8bXJ7C3YSQp,76t6K4r,PeLVSUZSnr,3mIHp0dagOtui,KSauzUG9
LNxLs,v8QxLVmlnR98,knm,S7,edrKZs2UHPnav,s607mis,pYDOCCYkUI,Y6TuACNt3ufVX,pLz3my5h
XUb6H,HH8YmgXY4Ex7,OgW,i0,iCAFeHeReIgb1,SHkwWeB,kVl4Zn9isy,fFAhxNzlqPT6h,vhwueZRB
WDoXf,0jTONkVCBrxB,iV0,Fi,tlkI1bEfRk2e7,IX2jjCo,dSESMCI7G3,tVdE70z236imK,w0L1tdZ9
kfnba,Zs8WunjOyixu,tAI,GS,OgF5VH9hrLr5D,rHA2AEH,DHL0LHWJCY,XMobPuPg7wWmI,36gTIVX4
6owlL,SFFLKLKLBoX8,urC,4j,dhPDG1AbIGu5M,VByPcKd,liDDY815LI,2rZk7xdOH0Map,UJlpTTXD
5iAbf,pLK8XtSpe07G,mPU,Ul,JvpTG7LsWsqOA,B9kKOUZ,vaZ29MeXDz,BvDQwpH62lS7D,SvcbNZQA
K1xCq,gy73Z8D4XJwZ,nEk,tO,YidpaQ7HZFLKn,ZUZ7RAP,4c5H738FNv,k5wJts1lPH0ZN,1p8dDbd6
